Task_ID,Contract_ID,Epic_ID,Implementation_Files,Test_Files,Documentation,Status,Last_Verified,Notes,A11y_Checked,Visual_Coverage,MaintenanceCost,Flaky,NoTests_Reason
TOK-001,CONTRACT-TOKENS-001,EPIC-TOKENS,"schemas/token.schema.json","scripts/validate-tokens.test.js","docs/TOKENS.md",DONE,2025-01-05,"Schema complete and validated",true,none,low,false,
TOK-002,CONTRACT-TOKENS-001,EPIC-TOKENS,"scripts/validate-tokens.js","scripts/validate-tokens.test.js","docs/TOKENS.md;scripts/README.md",DONE,2025-01-06,"Validator working, all tests pass",true,none,low,false,
TOK-003,CONTRACT-TOKENS-001,EPIC-TOKENS,"scripts/generate-css-from-tokens.js;build/css/variables.css","scripts/generate-css.test.js","scripts/README.md",IN_PROGRESS,2025-01-06,"CSS generation 80% complete",,critical,medium,false,
TOK-004,CONTRACT-TOKENS-001,EPIC-TOKENS,"design-tokens/tokens.json","","docs/TOKENS.md",TODO,,"Awaiting TOK-003 completion",,,,
CMP-001,CONTRACT-BUTTON-001,EPIC-COMPONENTS,"contracts/CONTRACT-BUTTON-001.yml","","contracts/README.md",DONE,2025-01-04,"Contract reviewed and approved",,none,low,false,NoTests: contract-only change
CMP-002,CONTRACT-BUTTON-001,EPIC-COMPONENTS,"components/Button/Button.tsx;components/Button/index.ts","components/Button/Button.test.tsx","components/Button/README.md",IN_PROGRESS,2025-01-06,"Implementation 60% complete",,critical,medium,false,
CMP-003,CONTRACT-BUTTON-001,EPIC-COMPONENTS,"components/Button/Button.stories.tsx","","",TODO,,"Depends on CMP-002",,,,
THM-001,CONTRACT-THEME-001,EPIC-THEME,"providers/ThemeProvider.tsx;hooks/useTheme.ts","providers/ThemeProvider.test.tsx","docs/Theme.md",TODO,,"Blocked by BUG-050",,,,
THM-002,CONTRACT-THEME-001,EPIC-THEME,"app/globals.css","","docs/Theme.md",TODO,,"Blocked by BUG-050",,,,
BUG-050,CONTRACT-TOKENS-001,,"components/Button/Button.tsx;components/Card/Card.tsx","scripts/validate-tokens.test.js","",IN_PROGRESS,2025-01-06,"Critical: blocks theme system",,critical,medium,false,